id,title,year,authors,venue,venue_full,pub_type,citation_count,abstract_len,x,y,cluster_index,topic_summary,center_x,center_y
ambient,Ambient Grids: Maintain Context-Awareness via Aggregated Off-Screen Visualization,2015,Domink Jäckle; Florian Stoffel; Bum Chul Kwon; Dominik Sacha; Andreas Stoffel; Daniel Keim,EuroVis-Short,Eurographics Conference on Visualization (EuroVis) Short Papers,paper-conference,10,733,4.8106,1.266,4,Human AI Interaction,0.45089,0.55374
asap,ASAP: Visual analytics for identifying and analyzing image patterns in AI-generated images,2026,Jinbin Huang; Yuki Ueno; Chen Chen; Aditi Mishra; Bum Chul Kwon; Zhicheng Liu; Chris Bryan,Information Visualization,Information Visualization,article-journal,9,1290,9.318,0.401,1,Visual Analytics,0.46963,0.33233
autoethnography_visualization_literacy,An Autoethnography on Visualization Literacy: A Wicked Measurement Problem,2026,Lily Ge; Anne-Flore Cabouat; Karen Bonilla; Yuan Cui; Yiren Ding; Noëlle Rakotondravony; Mackenzie Creamer; Jasmine Tan Otto; Maryam Hedayati; Bum Chul Kwon; Angela Locoro; Lane Harrison; Petra Isenberg; Michael Correll; Matthew Kay,TVCG,IEEE Transactions on Visualization and Computer Graphics (TVCG),article-journal,11,1660,6.3022,3.1,2,Visualization Literacy,0.43636,0.61985
autoimmune-trajectories,Progression Of Type 1 Diabetes From Latency To Symptomatic Disease Is Predicted By Distinct Autoimmune Trajectories,2022,Bum Chul Kwon; Vibha Anand; Peter Achenbach; Jessica L Dunne; William Hagopian; Jianying Hu; Eileen Koski; Åke Lernmark; Markus Lundgren; Kenney Ng; Jorma Toppari; Riitta Veijola; Brigitte I Frohnert; the T1DI Study Group,Nature Communications,Nature Communications,article-journal,45,1305,9.2315,-0.9736,3,Disease Prediction AI,0.43906,0.66946
axisketcher,AxiSketcher: Interactive Nonlinear Axis Mapping of Visualizations through User Drawings,2017,Bum Chul Kwon; Hannah Kim; Emily Wall; Jaegul Choo; Haesun Park; Alex Endert,TVCG,IEEE Transactions on Visualization and Computer Graphics (TVCG),article-journal,93,1403,6.7203,1.3077,4,Human AI Interaction,0.45374,0.42672
cardiac-risk-models,Prediction Performance And Fairness Heterogeneity In Cardiovascular Risk Models,2022,Uri Kartoun; Shaan Khurshid; Bum Chul Kwon; Aniruddh P. Patel; Puneet Batra; Anthony Philippakis; Amit V. Khera; Patrick T. Ellinor; Steven A. Lubitz; Kenney Ng,Scientific Reports,Scientific Reports,article-journal,32,1914,8.4832,-1.1373,3,Disease Prediction AI,0.41469,0.35588
causalvis,Causalvis: Visualizations for Causal Inference,2023,Grace Guo; Ehud Karavani; Alex Endert; Bum Chul Kwon,CHI,ACM SIGCHI Conference on Human Factors in Computing Systems (CHI),paper-conference,46,1044,6.1198,2.1514,1,Visual Analytics,0.61238,0.47196
clustervision,Clustervision: Visual Supervision of Unsupervised Clustering,2018,Bum Chul Kwon; Ben Eysenbach; Janu Verma; Kenney Ng; Christopher deFilippi; Walter F. Stewart; Adam Perer,TVCG,IEEE Transactions on Visualization and Computer Graphics (TVCG),article-journal,200,1469,7.2335,1.8548,3,Disease Prediction AI,0.44635,0.37809
cogvislit,The Correlation between Users' Cognitive Characteristics and Visualization Literacy,2019,Sukwon Lee; Bum Chul Kwon; Jiming Yang; Byung Cheol Lee; Sung-Hee Kim,Applied Sciences,Applied Sciences,article-journal,76,1360,6.8824,3.4811,2,Visualization Literacy,0.52417,0.44838
conceptexplainer,ConceptExplainer: Interactive Explanation for Deep Neural Networks from a Concept Perspective,2023,Jinbin Huang; Aditi Mishra; Bum Chul Kwon; Chris Bryan,TVCG,IEEE Transactions on Visualization and Computer Graphics (TVCG),article-journal,79,1779,9.2672,1.1294,1,Visual Analytics,0.4765,0.51943
crowdsourcing_efficacy,Investigating the Efficacy of Crowdsourcing on Evaluating Visual Decision Supporting System,2011,Sung-Hee Kim; Sensen Li; Bum Chul Kwon; Ji Soo Yi,HFES,Proceedings of the Human Factors and Ergonomics Society Annual Meeting,paper-conference,12,858,8.2614,2.3552,1,Visual Analytics,0.48911,0.42771
dash,DASH: Visual Analytics for Debiasing Image Classification via User-Driven Synthetic Data Augmentation,2022,Bum Chul Kwon; Jungsoo Lee; Chaeyeon Chung; Nyoungwoo Lee; Ho-Jin Choi; Jaegul Choo,EuroVis-Short,Eurographics Conference on Visualization (EuroVis) Short Papers,paper-conference,18,1020,9.5943,0.6473,1,Visual Analytics,0.49475,0.47681
dgcomics,DG Comics: Semi-Automatically Authoring Graph Comics for Dynamic Graphs,2024,Joohee Kim; Hyunwook Lee; Duc M. Nguyen; Minjeong Shin; Bum Chul Kwon; Sungahn Ko; Niklas Elmqvist,TVCG,IEEE Transactions on Visualization and Computer Graphics (TVCG),article-journal,7,850,7.0238,2.6013,1,Visual Analytics,0.50416,0.66251
dietapp,Improving Heart Disease Risk Through Quality-Focused Diet Logging: Pre-Post Study of a Diet Quality Tracking App,2020,Bum Chul Kwon; Courtland VanDam; Stephanie E Chiuve; Hyung Wok Choi; Paul Entler; Pang-Ning Tan; Jina Huh-Yoo,JMIR,JMIR mHealth and uHealth,article-journal,14,2386,7.8104,-1.6043,0,Healthcare and Life Sciences,0.49443,0.56359
dietary_intervention_review,A Review Of Web‐based Dietary Interventions: From The Human–Computer Interaction Practitioners'' Perspective,2014,Bum Chul Kwon; Inkyoung Hur; Ji Soo Yi,HFEM&S,Human Factors and Ergonomics in Manufacturing & Service Industries,article-journal,6,1091,6.8184,-1.1966,2,Visualization Literacy,0.60422,0.61816
dimensionality_reduction,A Critical Analysis of the Usage of Dimensionality Reduction in Four Domains,2025,Dylan Cashman; Mark Keller; Hyeon Jeon; Bum Chul Kwon; Qianwen Wang,TVCG,IEEE Transactions on Visualization and Computer Graphics (TVCG),article-journal,21,2003,5.4708,0.5521,4,Human AI Interaction,0.53436,0.31295
dpvis,DPVis: Visual Analytics with Hidden Markov Models for Disease Progression Pathways,2020,Bum Chul Kwon; Vibha Anand; Kristen A Severson; Soumya Ghosh; Zhaonan Sun; Brigitte I Frohnert; Markus Lundgren; Kenney Ng,TVCG,IEEE Transactions on Visualization and Computer Graphics (TVCG),article-journal,104,1467,8.9016,-0.6199,3,Disease Prediction AI,0.42009,0.41143
event_detection_text,State-of-the-art Report Of Visual Analysis For Event Detection In Text Data Streams,2015,Franz Wanner; Andreas Stoffel; Domink Jäckle; Bum Chul Kwon; Andreas Weiler; Daniel Keim,EuroVis-STAR,Eurographics Conference on Visualization (EuroVis) State-of-the-Art Report,article-journal,84,1278,7.0778,1.55,1,Visual Analytics,0.41935,0.57624
finspector,Finspector: A Human-Centered Visual Inspection Tool for Exploring and Comparing Biases among Foundation Models,2023,Bum Chul Kwon; Nandana Mihindukulasooriya,ACL,The 61st Annual Meeting of the Association for Computational Linguistics (ACL): System Demonstrations,paper-conference,9,786,8.3181,0.9534,1,Visual Analytics,0.51905,0.70763
food_for_the_heart,Food for the Heart: Lessons Learned while Designing a Visual Decision Support System for Patients with Coronary Heart Disease,2012,Bum Chul Kwon; Zhihua Dong; Karen S. Yehle; Kimberly S. Plake; Lane M. Yahiro; Sibylle Kranz; Ji Soo Yi,AHAH,Advances in Human Aspects of Healthcare,chapter,0,873,7.2591,-1.6575,3,Disease Prediction AI,0.43615,0.31634
geono-cluster,Geono-Cluster: Interactive Visual Cluster Analysis for Biologists,2020,Subhajit Das; Bahador Saket; Bum Chul Kwon; Alex Endert,TVCG,IEEE Transactions on Visualization and Computer Graphics (TVCG),article-journal,19,1439,6.3426,1.7812,1,Visual Analytics,0.50148,0.61291
guicomp,"GUIComp: A GUI Design Assistant with Real-Time, Multi-Faceted Feedback",2020,Chunggi Lee; Sanghoon Kim; Dongyun Han; Hongjun Yang; Young-Woo Park; Bum Chul Kwon; Sungahn Ko,CHI,ACM SIGCHI Conference on Human Factors in Computing Systems (CHI),paper-conference,111,897,7.1483,-0.9943,0,Healthcare and Life Sciences,0.53605,0.60239
hmm,Modeling Disease Progression Trajectories from Longitudinal Observational Data,2020,Bum Chul Kwon; Peter Achenbach; Jessica L. Dunne; William Hagopian; Markus Lundgren; Kenney Ng; Riitta Veijola; Brigitte I. Frohnert; Vibha Anand; the T1DI Study Group,AMIA,AMIA Annual Symposium (AMIA),paper-conference,23,796,9.3783,-0.8439,3,Disease Prediction AI,0.58142,0.38466
human-centered-explainability,"Human-Centered Explainability For Life Sciences, Healthcare, And Medical Informatics",2022,Sanjoy Dey; Prithwish Chkraborty; Bum Chul Kwon; Amit Dhurandhar; Mohamed Ghalwash; Fernando J. Suarez Saiz; Kenney Ng; Daby Sow; Kush R. Varshney; Pablo Meyer,Patterns,Patterns,article-journal,73,1559,8.1091,0.0571,3,Disease Prediction AI,0.43381,0.51018
iab-levels-differentiate,Islet Autoantibody Levels Differentiate Progression Trajectories in Individuals With Presymptomatic Type 1 Diabetes,2022,Bum Chul Kwon; Peter Achenbach; Vibha Anand; Brigitte I Frohnert; William Hagopian; Jianying Hu; Eileen Koski; Åke Lernmark; Olivia Lou; Frank Martin; Kenney Ng; Jorma Toppari; Riitta Veijola; the T1DI Study Group,Diabetes,Diabetes,article-journal,14,1511,8.9197,-1.376,3,Disease Prediction AI,0.64556,0.48918
knowledge_generation,Knowledge Generation Model for Visual Analytics,2014,Dominik Sacha; Andreas Stoffel; Florian Stoffel; Bum Chul Kwon; Geoffrey Ellis; Daniel Keim,TVCG,IEEE Transactions on Visualization and Computer Graphics (TVCG),article-journal,620,1210,7.395,0.7934,1,Visual Analytics,0.51186,0.52032
mimicri,MiMICRI: Towards Domain-centered Counterfactual Explanations of Cardiovascular Image Classification Models,2024,Grace Guo; Lifu Deng; Animesh Tandon; Alex Endert; Bum Chul Kwon,FAccT,"ACM Conference on Fairness, Accountability, and Transparency (ACM FAccT)",paper-conference,16,1640,9.0511,0.0619,1,Visual Analytics,0.36045,0.4196
multimodal,Visual Analytics for Multimodal Social Network Analysis: A Design Study with Social Scientists,2013,Sohaib Ghani; Bum Chul Kwon; Seungyoon Lee; Ji Soo Yi; Niklas Elmqvist,TVCG,IEEE Transactions on Visualization and Computer Graphics (TVCG),article-journal,99,1375,6.9347,1.0075,3,Disease Prediction AI,0.40209,0.53218
multiviews,Multi-view biomedical foundation models for molecule-target and property prediction,2026,Parthasarathy Suryanarayanan; Yunguang Qiu; Shreyans Sethi; Diwakar Mahajan; Hongyang Li; Yuxin Yang; Elif Eyigoz; Aldo Guzman Saenz; Daniel E. Platt; Timothy H. Rumbell; Kenney Ng; Sanjoy Dey; Myson Burch; Bum Chul Kwon; Pablo Meyer; Feixiong Cheng; Jianying Hu; Joseph A. Morrone,Advanced Science,Advanced Science,article-journal,13,1028,8.9822,0.6061,1,Visual Analytics,0.55103,0.41013
noncompliance,What Are the Causes of Noncompliance Behaviors in Bar Code Medication Administration System Processes?,2015,Byung Cheol Lee; Sukwon Lee; Bum Chul Kwon; Ji Soo Yi,IJHCI,International Journal of Human-Computer Interaction,article-journal,13,1096,7.4992,-0.5627,4,Human AI Interaction,0.57136,0.59963
offscreen_perspectives,Off-Screen Visualization Perspectives: Tasks and Challenges,2016,Dominik Jäckle; Bum Chul Kwon; Daniel Keim,VDS @ VIS,Symposium on Visualization in Data Science (VDS) at IEEE VIS,paper-conference,6,1211,5.2259,0.9705,4,Human AI Interaction,0.57392,0.33604
ohsn,Toward Predicting Social Support Needs in Online Health Social Networks,2017,Min-je Choi; Sung-Hee Kim; Sukwon Lee; Bum Chul Kwon; Ji Soo Yi; Jaegul Choo; Jina Huh,JMIR,Journal of Medical Internet Research,article-journal,33,2123,7.018,-0.1786,1,Visual Analytics,0.45938,0.47583
om,Opinion Marks: A Human-Based Computation Approach to Instill Structure into Unstructured Text on the Web,2015,Bum Chul Kwon; Jaegul Choo; Sung-Hee Kim; Daniel Keim; Haesun Park; Ji Soo Yi,IDEA,KDD Workshop on Interactive Data Exploration and Analytics (IDEA),paper-conference,2,1166,8.4062,2.2098,1,Visual Analytics,0.36265,0.6146
overload,Do People Really Experience Information Overload While Reading Online Reviews?,2015,Bum Chul Kwon; Sung-Hee Kim; Timothy Duket; Adrián Catalán; Ji Soo Yi,IJHCI,International Journal of Human-Computer Interaction,article-journal,62,1013,7.1431,-0.3742,4,Human AI Interaction,0.50946,0.34826
peekquence,Peekquence: Visual Analytics for Event Sequence Data,2016,Bum Chul Kwon; Janu Verma; Adam Perer,IDEA,KDD Workshop on Interactive Data Exploration and Analytics (IDEA),paper-conference,50,468,7.5884,1.2348,3,Disease Prediction AI,0.38399,0.5749
personas,Personas in Online Health Communities,2016,Jina Huh; Bum Chul Kwon; Sung-Hee Kim; Sukwon Lee; Jaegul Choo; Jihoon Kim; Min-Je Choi; Ji Soo Yi,JBI,Journal of Biomedical Informatics,article-journal,136,1282,6.6051,0.0751,4,Human AI Interaction,0.55432,0.69664
polygenic-score-report,Design And User Experience Testing Of A Polygenic Score Report: A Qualitative Study Of Prospective Users,2021,Deanna G. Brockman; Lia Petronio; Jacqueline S. Dron; Bum Chul Kwon; Trish Vosburg; Lisa Nip; Andrew Tang; Mary O'Reilly; Niall Lennon; Bang Wong; Kenney Ng; Katherine H. Huang; Akl C. Fahed; Amit V. Khera,BMC Medical Genomics,BMC Medical Genomics,article-journal,66,2527,8.0065,-1.0905,3,Disease Prediction AI,0.60611,0.56851
promptaid,"PromptAid: Visual Prompt Exploration, Perturbation, Testing and Iteration for Large Language Models",2025,Aditi Mishra; Bretho Danzy; Utkarsh Soni; Anjana Arunkumar; Jinbin Huang; Bum Chul Kwon; Chris Bryan,TVCG,IEEE Transactions on Visualization and Computer Graphics (TVCG),article-journal,38,1519,8.582,1.8521,1,Visual Analytics,0.61755,0.52132
purchase,"Wait, Let''s Think about Your Purchase Again: A Study on Interventions for Supporting Self-Controlled Online Purchases",2021,Yunha Han; Hwiyeon Kim; Hyeshin Chu; Joohee Kim; Hyunwook Lee; Seunghyeong Choe; Dooyoung Jung; Dongil Chung; Bum Chul Kwon; Sungahn Ko,WWW,The Web Conference (WWW),paper-conference,9,1020,6.5003,-0.8097,2,Visualization Literacy,0.53865,0.55279
readingmate,"ReadingMate: The Effect of the Content Stabilizing Technique, Font Size, and Interline Spacing on the Letter-Counting Task Performance of Treadmill Runners",2013,Bum Chul Kwon; Ji Soo Yi; Zhu Yu,Human Factors,Human Factors,article-journal,2,1595,8.3963,2.9381,0,Healthcare and Life Sciences,0.53873,0.65198
retainvis,RetainVis: Visual Analytics with Interpretable and Interactive Recurrent Neural Networks on Electronic Medical Records,2019,Bum Chul Kwon; Min-Je Choi; Joanne Taery Kim; Edward Choi; Young Bin Kim; Soonwook Kwon; Jimeng Sun; Jaegul Choo,TVCG,IEEE Transactions on Visualization and Computer Graphics (TVCG),article-journal,411,1713,7.895,0.5036,3,Disease Prediction AI,0.56031,0.45811
revacnn,ReVACNN: Real-Time Visual Analytics for Convolutional Neural Network,2016,Sunghyo Chung; Sangho Suh; Cheonbok Park; Kyeongpil Kang; Jaegul Choo; Bum Chul Kwon,FILM @ NIPS,Future of Interactive Learning Machines Workshop at Neural Information Processing Systems (NIPS),paper-conference,0,1244,9.0089,1.4727,1,Visual Analytics,0.4817,0.37907
rmexplorer,RMExplorer: A Visual Analytics Approach to Explore the Performance and the Fairness of Disease Risk Models on Population Subgroups,2022,Bum Chul Kwon; Uri Kartoun; Shaan Khurshid; Mikhail Yurochkin; Subha Maity; Deanna G Brockman; Amit V Khera; Patrick T Ellinor; Steven A Lubitz; Kenney Ng,VIS,Proceedings of the IEEE Conference on Visualization (IEEE VIS) Short Papers,paper-conference,15,1130,8.3563,-0.3874,3,Disease Prediction AI,0.54355,0.3615
roadblock,Visual Analytic Roadblocks for Novice Investigators,2011,Bum Chul Kwon; Brian Fisher; Ji Soo Yi,VAST,Proceedings of the IEEE Conference on Visual Analytics Science and Technology (VAST),paper-conference,63,990,7.5812,2.2321,1,Visual Analytics,0.47548,0.6962
roslingifier,Roslingifier: Semi-Automated Storytelling for Animated Scatterplots,2022,Minjeong Shin; Joohee Kim; Yunha Han; Lexing Xie; Mitchell Whitelaw; Bum Chul Kwon; Sungahn Ko; Niklas Elmqvist,TVCG,IEEE Transactions on Visualization and Computer Graphics (TVCG),article-journal,47,1383,7.417,3.3205,0,Healthcare and Life Sciences,0.5765,0.64905
samplify,Sampling for Scalable Visual Analytics,2017,Bum Chul Kwon; Janu Verma; Peter J. Haas; Çağatay Demiralp,CG & A,IEEE Computer Graphics and Applications,article-journal,42,415,5.8564,0.1071,0,Healthcare and Life Sciences,0.39213,0.44188
sanvis,SANVis: Visual Analytics for Understanding Self-Attention Networks,2019,Cheonbok Park; Inyoup Na; Yongjang Jo; Sungbok Shin; Jaehyo Yoo; Bum Chul Kwon; Jian Zhao; Hyungjong Noh; Yeonsoo Lee; Jaegul Choo,VIS,Proceedings of the IEEE Conference on Visualization (IEEE VIS) Short Papers,paper-conference,48,1061,9.6247,1.1856,1,Visual Analytics,0.46789,0.59734
spark,SPARK: Harnessing Human-Centered Workflows with Biomedical Foundation Models for Drug Discovery,2024,Bum Chul Kwon; Simona Rabinovici-Cohen; Beldine Moturi; Ruth Mwaura; Kezia Wahome; Oliver Njeru; Miguel Shinyenyi; Catherine Wanjiru; Sekou Remy; William Ogallo; Itai Guez; Partha Suryanarayanan; Joseph Morrone; Shreyans Sethi; Seung-Gu Kang; Tien Huynh; Kenney Ng; Diwakar Mahajan; Hongyang Li; Matan Ninio; Shervin Ayati; Efrat Hexter; Wendy Cornell,IJCAI,International Joint Conference on Artificial Intelligence,paper-conference,0,1068,8.5888,0.605,1,Visual Analytics,0.47058,0.64692
spherical,Spherical similarity explorer for comparative case analysis,2016,Leishi Zhang; Chris Rooney; Lev Nachmanson; William Wong; Bum Chul Kwon; Florian Stoffel; Michael Hund; Nadeem Qazi; Uchit Singh; Daniel Keim,VDA,"Electronic Imaging, Visualization and Data Analysis (VDA)",paper-conference,8,790,5.8212,1.688,3,Disease Prediction AI,0.51692,0.39698
surrogate_interaction,Direct Manipulation Through Surrogate Objects,2011,Bum Chul Kwon; Waqas Javed; Niklas Elmqvist; Ji Soo Yi,CHI,ACM SIGCHI Conference on Human Factors in Computing Systems (CHI),paper-conference,46,1022,6.1083,0.6973,4,Human AI Interaction,0.5907,0.43264
taxonomy_engagement,Towards a Taxonomy for Evaluating User Engagement in Information Visualization,2016,Narges Mahyar; Sung-Hee Kim; Bum Chul Kwon,Workshop,Personal Visualization: Exploring Data in Everyday Life at IEEE VIS,paper-conference,93,1211,5.3196,1.1125,4,Human AI Interaction,0.6165,0.37841
text_highlighting,Guidelines for Effective Usage of Text Highlighting Techniques,2016,Hendrik Strobelt; Daniela Oelke; Bum Chul Kwon; Tobias Schreck; Hanspeter Pfister,TVCG,IEEE Transactions on Visualization and Computer Graphics (TVCG),article-journal,125,1455,7.8097,2.9869,1,Visual Analytics,0.38846,0.38922
thumbnails,Thumbnails for Data Stories: A Survey of Current Practices,2019,Hwiyeon Kim; Juyoung Oh; Yunha Han; Sungahn Ko; Matthew Brehmer; Bum Chul Kwon,VIS,Proceedings of the IEEE Conference on Visualization (IEEE VIS) Short Papers,paper-conference,14,1110,6.1332,-0.5546,2,Visualization Literacy,0.58322,0.50008
timeinvestigator,Evaluating the Role of Time in Investigative Analysis of Document Collections,2012,Bum Chul Kwon; Waqas Javed; Sohaib Ghani; Niklas Elmqvist; Ji Soo Yi; David Ebert,TVCG,IEEE Transactions on Visualization and Computer Graphics (TVCG),article-journal,21,888,6.6978,2.1387,2,Visualization Literacy,0.54789,0.50468
tivy,A Comparative Evaluation on Online Learning Approaches using Parallel Coordinate Visualization,2016,Bum Chul Kwon; Bongshin Lee,CHI,ACM SIGCHI Conference on Human Factors in Computing Systems (CHI),paper-conference,107,885,7.3381,3.9404,0,Healthcare and Life Sciences,0.63581,0.43471
uncertainty_trust_model,"The Role of Uncertainty, Awareness, and Trust in Visual Analytics",2016,Domink Sacha; Hansi Senaratne; Bum Chul Kwon; Geoffrey Ellis; Daniel Keim,TVCG,IEEE Transactions on Visualization and Computer Graphics (TVCG),article-journal,423,1275,7.943,1.767,4,Human AI Interaction,0.57387,0.54805
vatun,VATUN: Visual Analytics for Testing and Understanding Convolutional Neural Networks,2021,Cheonbok Park; Soyoung Yang; Inyoup Na; Sunghyo Chung; Sungbok Shin; Bum Chul Kwon; Deokgun Park; Jaegul Choo,EuroVis-Short,Eurographics Conference on Visualization (EuroVis) Short Papers,paper-conference,17,1367,9.0038,1.0983,1,Visual Analytics,0.35167,0.4678
visexpress,VisExpress: Visual exploration of differential gene expression data,2017,Svenja Simon; Sebastian Mittelstädt; Bum Chul Kwon; Andreas Stoffel; Richard Landstorfer; Klaus Neuhaus; Anna Mühlig; Siegfried Scherer; Daniel Keim,Information Visualization,Information Visualization,article-journal,9,1056,6.379,0.932,1,Visual Analytics,0.49739,0.30148
visjockey,VisJockey: Enriching Data Stories through Orchestrated Interactive Visualization,2014,Bum Chul Kwon; Florian Stoffel; Dominik Jäckle; Bongshin Lee; Daniel Keim,CJ,Computation+Journalism Symposium,paper-conference,46,885,7.5752,3.7352,0,Healthcare and Life Sciences,0.401,0.61975
visohc,VisOHC: Designing Visual Analytics for Online Health Communities,2016,Bum Chul Kwon; Sung-Hee Kim; Sukwon Lee; Jaegul Choo; Jina Huh; Ji Soo Yi,TVCG,IEEE Transactions on Visualization and Computer Graphics (TVCG),article-journal,66,1641,6.8914,0.2992,3,Disease Prediction AI,0.42446,0.46219
visthumbnails,Towards Visualization Thumbnail Designs that Entice Reading Data-driven Articles,2023,Hwiyeon Kim; Joohee Kim; Yunha Han; Hwajung Hong; Oh-Sang Kwon; Young-Woo Park; Niklas Elmqvist; Sungahn Ko; Bum Chul Kwon,TVCG,IEEE Transactions on Visualization and Computer Graphics (TVCG),article-journal,9,1586,5.8849,-0.6445,2,Visualization Literacy,0.64135,0.57267
vlat,VLAT: Development of a Visualization Literacy Assessment Test,2017,Sukwon Lee; Sung-Hee Kim; Bum Chul Kwon,TVCG,IEEE Transactions on Visualization and Computer Graphics (TVCG),article-journal,535,1436,6.4669,2.9105,2,Visualization Literacy,0.3833,0.49003
